zip,month,has_fiber_competitor,our_penetration,connect_rate,competitor_price_monthly
64760,2025-10,0,0.4653,0.0356,
64760,2025-11,0,0.4653,0.0385,
64760,2025-12,0,0.4736,0.0524,
64760,2026-01,0,0.4773,0.037,
64760,2026-02,0,0.4717,0.041,
64760,2026-03,0,0.4645,0.0409,
64760,2026-04,0,0.4636,0.0512,
64760,2026-05,0,0.4768,0.0612,
64760,2026-06,0,0.4654,0.0446,
22457,2025-10,1,0.431,0.0326,60.26
22457,2025-11,1,0.4348,0.0275,47.99
22457,2025-12,1,0.4228,0.0413,52.94
22457,2026-01,1,0.426,0.0313,32.19
22457,2026-02,1,0.4186,0.0243,47.47
22457,2026-03,1,0.429,0.0402,54.22
22457,2026-04,1,0.4016,0.0477,65.65
22457,2026-05,1,0.3931,0.0249,69.07
22457,2026-06,1,0.4344,0.0272,60.3
63402,2025-10,0,0.3875,0.044,
63402,2025-11,0,0.3873,0.0544,
63402,2025-12,0,0.3901,0.0419,
63402,2026-01,0,0.3779,0.0358,
63402,2026-02,0,0.3996,0.0219,
63402,2026-03,0,0.3827,0.0533,
63402,2026-04,0,0.3897,0.0319,
63402,2026-05,0,0.3571,0.0248,
63402,2026-06,0,0.3735,0.032,
72904,2025-10,0,0.4775,0.063,
72904,2025-11,0,0.4771,0.0292,
72904,2025-12,0,0.4725,0.0533,
72904,2026-01,0,0.4863,0.0383,
72904,2026-02,0,0.4761,0.0335,
72904,2026-03,0,0.472,0.0329,
72904,2026-04,0,0.4882,0.0299,
72904,2026-05,0,0.4868,0.0459,
72904,2026-06,0,0.5022,0.0321,
76339,2025-10,0,0.5494,0.0513,
76339,2025-11,0,0.5476,0.0459,
76339,2025-12,0,0.5557,0.0399,
76339,2026-01,0,0.5507,0.0307,
76339,2026-02,0,0.5352,0.0299,
76339,2026-03,0,0.5508,0.0408,
76339,2026-04,0,0.5503,0.041,
76339,2026-05,0,0.5672,0.0425,
76339,2026-06,0,0.5487,0.0386,
11967,2025-10,0,0.4887,0.0309,
11967,2025-11,0,0.4852,0.0533,
11967,2025-12,0,0.5046,0.0408,
11967,2026-01,0,0.4941,0.0487,
11967,2026-02,0,0.4794,0.0433,
11967,2026-03,0,0.4946,0.0487,
11967,2026-04,0,0.5084,0.0368,
11967,2026-05,0,0.493,0.0412,
11967,2026-06,0,0.5268,0.0577,
70434,2025-10,0,0.5366,0.0419,
70434,2025-11,0,0.5354,0.0456,
70434,2025-12,0,0.5333,0.0522,
70434,2026-01,0,0.5288,0.0515,
70434,2026-02,0,0.5272,0.0306,
70434,2026-03,0,0.5275,0.0497,
70434,2026-04,0,0.5357,0.0316,
70434,2026-05,0,0.4977,0.0519,
70434,2026-06,0,0.5517,0.0367,
18342,2025-10,0,0.5071,0.042,
18342,2025-11,0,0.5102,0.0797,
18342,2025-12,0,0.5044,0.0247,
18342,2026-01,0,0.5008,0.0365,
18342,2026-02,0,0.5049,0.0432,
18342,2026-03,0,0.5175,0.0414,
18342,2026-04,0,0.4854,0.0309,
18342,2026-05,0,0.545,0.0553,
18342,2026-06,0,0.537,0.0379,
50682,2025-10,1,0.4106,0.0122,49.04
50682,2025-11,1,0.4094,0.0419,50.43
50682,2025-12,1,0.4047,0.0296,61.7
50682,2026-01,1,0.4014,0.0212,51.76
50682,2026-02,1,0.394,0.0249,54.57
50682,2026-03,1,0.401,0.0308,35.95
50682,2026-04,1,0.4173,0.0265,49.23
50682,2026-05,1,0.419,0.0257,60.37
50682,2026-06,1,0.3964,0.0165,25.43
16607,2025-10,0,0.4758,0.0427,
16607,2025-11,0,0.4716,0.0346,
16607,2025-12,0,0.4787,0.0336,
16607,2026-01,0,0.4917,0.0473,
16607,2026-02,0,0.4776,0.0431,
16607,2026-03,0,0.4843,0.046,
16607,2026-04,0,0.5018,0.0339,
16607,2026-05,0,0.4514,0.0406,
16607,2026-06,0,0.4806,0.0495,
33823,2025-10,0,0.4757,0.0505,
33823,2025-11,0,0.4794,0.0531,
33823,2025-12,0,0.4765,0.0573,
33823,2026-01,0,0.4734,0.0657,
33823,2026-02,0,0.5079,0.0364,
33823,2026-03,0,0.4811,0.0501,
33823,2026-04,0,0.4576,0.0325,
33823,2026-05,0,0.4718,0.0468,
33823,2026-06,0,0.4774,0.005,
54744,2025-10,0,0.3865,0.0597,
54744,2025-11,0,0.392,0.028,
54744,2025-12,0,0.3891,0.0502,
54744,2026-01,0,0.3875,0.0407,
54744,2026-02,0,0.3943,0.0341,
54744,2026-03,0,0.4193,0.0378,
54744,2026-04,0,0.4118,0.0526,
54744,2026-05,0,0.4304,0.0421,
54744,2026-06,0,0.4325,0.0464,
84338,2025-10,1,0.4752,0.0231,48.08
84338,2025-11,1,0.4724,0.0256,65.77
84338,2025-12,1,0.4714,0.0351,42.95
84338,2026-01,1,0.4727,0.0215,55.2
84338,2026-02,1,0.4622,0.0183,52.18
84338,2026-03,1,0.4556,0.0283,46.66
84338,2026-04,1,0.4371,0.0291,56.23
84338,2026-05,1,0.4374,0.0341,47.6
84338,2026-06,1,0.4194,0.0153,70.82
82565,2025-10,1,0.4963,0.021,59.03
82565,2025-11,1,0.4952,0.047,48.98
82565,2025-12,1,0.5088,0.0368,66.0
82565,2026-01,1,0.4907,0.0124,49.97
82565,2026-02,1,0.4774,0.038,64.51
82565,2026-03,1,0.4433,0.0181,56.59
82565,2026-04,1,0.4794,0.0117,53.98
82565,2026-05,1,0.4761,0.0405,55.48
82565,2026-06,1,0.4649,0.0192,61.81
71568,2025-10,1,0.4287,0.0348,59.53
71568,2025-11,1,0.4237,0.0423,64.69
71568,2025-12,1,0.4251,0.0385,58.39
71568,2026-01,1,0.4129,0.0321,79.88
71568,2026-02,1,0.4345,0.0212,64.93
71568,2026-03,1,0.4014,0.0427,72.78
71568,2026-04,1,0.4257,0.0361,47.77
71568,2026-05,1,0.4326,0.0346,54.57
71568,2026-06,1,0.4516,0.0418,61.98
97173,2025-10,0,0.536,0.0701,
97173,2025-11,0,0.5412,0.0472,
97173,2025-12,0,0.5454,0.0436,
97173,2026-01,0,0.5425,0.0486,
97173,2026-02,0,0.5211,0.0447,
97173,2026-03,0,0.5564,0.0348,
97173,2026-04,0,0.54,0.04,
97173,2026-05,0,0.5454,0.0424,
97173,2026-06,0,0.5191,0.0443,
39661,2025-10,0,0.583,0.035,
39661,2025-11,0,0.58,0.0312,
39661,2025-12,0,0.5717,0.0631,
39661,2026-01,0,0.587,0.0364,
39661,2026-02,0,0.5921,0.0338,
39661,2026-03,0,0.5905,0.0326,
39661,2026-04,0,0.5883,0.0575,
39661,2026-05,0,0.588,0.0307,
39661,2026-06,0,0.5751,0.0431,
30476,2025-10,1,0.3642,0.028,46.51
30476,2025-11,1,0.362,0.0218,42.55
30476,2025-12,1,0.3512,0.0351,54.83
30476,2026-01,1,0.3691,0.0332,71.99
30476,2026-02,1,0.3766,0.0245,58.31
30476,2026-03,1,0.3769,0.0192,51.62
30476,2026-04,1,0.3418,0.0231,67.6
30476,2026-05,1,0.3087,0.0201,60.48
30476,2026-06,1,0.3471,0.036,57.79
57943,2025-10,1,0.2601,0.0311,43.81
57943,2025-11,1,0.2624,0.0236,55.89
57943,2025-12,1,0.2571,0.0341,57.03
57943,2026-01,1,0.2607,0.0259,62.77
57943,2026-02,1,0.2447,0.021,58.09
57943,2026-03,1,0.2746,0.024,45.47
57943,2026-04,1,0.2651,0.026,59.92
57943,2026-05,1,0.249,0.0374,62.99
57943,2026-06,1,0.2342,0.0259,66.24
96434,2025-10,0,0.5149,0.0395,
96434,2025-11,0,0.513,0.0623,
96434,2025-12,0,0.5068,0.0509,
96434,2026-01,0,0.5333,0.0431,
96434,2026-02,0,0.5269,0.0532,
96434,2026-03,0,0.5185,0.026,
96434,2026-04,0,0.5446,0.0414,
96434,2026-05,0,0.4947,0.0502,
96434,2026-06,0,0.5275,0.0285,
92391,2025-10,1,0.3529,0.0311,42.54
92391,2025-11,1,0.3473,0.0329,53.34
92391,2025-12,1,0.3546,0.0437,56.48
92391,2026-01,1,0.3538,0.035,56.38
92391,2026-02,1,0.3375,0.02,58.21
92391,2026-03,1,0.3119,0.0272,68.95
92391,2026-04,1,0.3086,0.0344,60.53
92391,2026-05,1,0.3047,0.0254,56.19
92391,2026-06,1,0.3527,0.0378,47.32
28094,2025-10,1,0.4408,0.0257,68.1
28094,2025-11,1,0.4396,0.0265,56.35
28094,2025-12,1,0.4396,0.0347,52.09
28094,2026-01,1,0.4395,0.0278,52.04
28094,2026-02,1,0.4443,0.0093,65.31
28094,2026-03,1,0.4202,0.0308,53.22
28094,2026-04,1,0.4203,0.0231,63.14
28094,2026-05,1,0.4314,0.0376,48.84
28094,2026-06,1,0.4362,0.0223,44.6
44535,2025-10,1,0.3321,0.0305,36.85
44535,2025-11,1,0.3317,0.0266,56.11
44535,2025-12,1,0.3365,0.0234,63.24
44535,2026-01,1,0.3346,0.0274,55.98
44535,2026-02,1,0.324,0.0257,44.01
44535,2026-03,1,0.3777,0.0201,56.51
44535,2026-04,1,0.331,0.0288,51.09
44535,2026-05,1,0.322,0.031,65.88
44535,2026-06,1,0.337,0.0327,59.54
34955,2025-10,1,0.4176,0.029,68.1
34955,2025-11,1,0.4157,0.0389,49.81
34955,2025-12,1,0.4104,0.0309,65.17
34955,2026-01,1,0.4051,0.0302,48.31
34955,2026-02,1,0.4396,0.0313,45.43
34955,2026-03,1,0.4266,0.0422,54.43
34955,2026-04,1,0.4076,0.0197,62.55
34955,2026-05,1,0.3767,0.0333,65.26
34955,2026-06,1,0.3993,0.0211,73.88
20366,2025-10,1,0.4524,0.0352,54.51
20366,2025-11,1,0.453,0.0263,49.97
20366,2025-12,1,0.4489,0.0308,52.15
20366,2026-01,1,0.4434,0.0445,56.29
20366,2026-02,1,0.4513,0.0437,42.67
20366,2026-03,1,0.444,0.038,63.69
20366,2026-04,1,0.4508,0.0331,57.69
20366,2026-05,1,0.4167,0.0364,59.1
20366,2026-06,1,0.4123,0.0377,46.68
50550,2025-10,0,0.4697,0.0518,
50550,2025-11,0,0.4668,0.0391,
50550,2025-12,0,0.4778,0.0394,
50550,2026-01,0,0.4719,0.0276,
50550,2026-02,0,0.4754,0.0572,
50550,2026-03,0,0.49,0.0396,
50550,2026-04,0,0.472,0.0308,
50550,2026-05,0,0.4987,0.0385,
50550,2026-06,0,0.5039,0.0362,
21747,2025-10,1,0.3666,0.0499,52.7
21747,2025-11,1,0.3643,0.0137,57.36
21747,2025-12,1,0.365,0.0252,58.57
21747,2026-01,1,0.3768,0.0426,59.71
21747,2026-02,1,0.3551,0.0131,54.4
21747,2026-03,1,0.3592,0.0276,59.06
21747,2026-04,1,0.3373,0.0206,55.04
21747,2026-05,1,0.3498,0.0266,48.53
21747,2026-06,1,0.3174,0.0313,55.67
84185,2025-10,0,0.3843,0.047,
84185,2025-11,0,0.3835,0.0482,
84185,2025-12,0,0.3876,0.0456,
84185,2026-01,0,0.3803,0.0503,
84185,2026-02,0,0.4055,0.0416,
84185,2026-03,0,0.3713,0.0297,
84185,2026-04,0,0.3857,0.0363,
84185,2026-05,0,0.4054,0.0328,
84185,2026-06,0,0.3737,0.0484,
36136,2025-10,0,0.4728,0.0191,
36136,2025-11,0,0.4746,0.0411,
36136,2025-12,0,0.4742,0.0584,
36136,2026-01,0,0.4773,0.0463,
36136,2026-02,0,0.4747,0.0482,
36136,2026-03,0,0.4623,0.0334,
36136,2026-04,0,0.4831,0.0362,
36136,2026-05,0,0.4711,0.0466,
36136,2026-06,0,0.511,0.0403,
71094,2025-10,0,0.4425,0.0356,
71094,2025-11,0,0.4391,0.0344,
71094,2025-12,0,0.4607,0.0526,
71094,2026-01,0,0.4321,0.0499,
71094,2026-02,0,0.4467,0.0371,
71094,2026-03,0,0.4457,0.0449,
71094,2026-04,0,0.4601,0.0369,
71094,2026-05,0,0.4467,0.0382,
71094,2026-06,0,0.44,0.0531,
82481,2025-10,0,0.5377,0.0479,
82481,2025-11,0,0.5367,0.0499,
82481,2025-12,0,0.538,0.0423,
82481,2026-01,0,0.5463,0.0346,
82481,2026-02,0,0.5433,0.0539,
82481,2026-03,0,0.5506,0.0431,
82481,2026-04,0,0.5428,0.05,
82481,2026-05,0,0.5862,0.0471,
82481,2026-06,0,0.5747,0.0457,
24665,2025-10,1,0.4329,0.0302,41.68
24665,2025-11,1,0.4295,0.0141,48.35
24665,2025-12,1,0.4359,0.0153,56.99
24665,2026-01,1,0.4407,0.039,68.44
24665,2026-02,1,0.438,0.0293,63.1
24665,2026-03,1,0.4484,0.0268,78.47
24665,2026-04,1,0.4165,0.0221,63.86
24665,2026-05,1,0.449,0.0333,48.85
24665,2026-06,1,0.4449,0.0431,65.87
23944,2025-10,1,0.3033,0.0355,60.2
23944,2025-11,1,0.2993,0.0314,59.12
23944,2025-12,1,0.3002,0.0105,34.8
23944,2026-01,1,0.301,0.0187,49.29
23944,2026-02,1,0.3095,0.0264,71.4
23944,2026-03,1,0.2884,0.0286,56.33
23944,2026-04,1,0.2992,0.0324,55.49
23944,2026-05,1,0.256,0.0429,60.0
23944,2026-06,1,0.2498,0.0388,47.33
15712,2025-10,0,0.5811,0.0365,
15712,2025-11,0,0.581,0.0457,
15712,2025-12,0,0.5739,0.0376,
15712,2026-01,0,0.5902,0.0355,
15712,2026-02,0,0.5805,0.041,
15712,2026-03,0,0.5907,0.0388,
15712,2026-04,0,0.5967,0.0426,
15712,2026-05,0,0.6037,0.0627,
15712,2026-06,0,0.5779,0.0478,
92139,2025-10,1,0.3603,0.0279,32.32
92139,2025-11,1,0.3599,0.0246,44.82
92139,2025-12,1,0.3626,0.0452,49.68
92139,2026-01,1,0.3303,0.026,50.49
92139,2026-02,1,0.3453,0.0205,59.92
92139,2026-03,1,0.3187,0.0299,55.9
92139,2026-04,1,0.3615,0.0364,51.94
92139,2026-05,1,0.3534,0.0257,52.84
92139,2026-06,1,0.3582,0.038,49.45
37754,2025-10,1,0.3485,0.0295,58.65
37754,2025-11,1,0.3481,0.0381,56.02
37754,2025-12,1,0.3498,0.0136,49.25
37754,2026-01,1,0.3346,0.0258,47.78
37754,2026-02,1,0.3154,0.0306,40.52
37754,2026-03,1,0.3651,0.0249,46.26
37754,2026-04,1,0.3513,0.0323,34.85
37754,2026-05,1,0.3131,0.0219,33.42
37754,2026-06,1,0.3126,0.025,56.94
14200,2025-10,0,0.561,0.0467,
14200,2025-11,0,0.5589,0.0312,
14200,2025-12,0,0.5648,0.029,
14200,2026-01,0,0.5542,0.0528,
14200,2026-02,0,0.5548,0.0468,
14200,2026-03,0,0.5875,0.0388,
14200,2026-04,0,0.5781,0.0442,
14200,2026-05,0,0.5751,0.0144,
14200,2026-06,0,0.5616,0.0387,
66911,2025-10,1,0.3945,0.0326,52.93
66911,2025-11,1,0.3899,0.0375,49.69
66911,2025-12,1,0.3905,0.0355,37.29
66911,2026-01,1,0.3715,0.0335,64.13
66911,2026-02,1,0.3984,0.0375,51.56
66911,2026-03,1,0.3818,0.0313,61.2
66911,2026-04,1,0.4063,0.0368,50.68
66911,2026-05,1,0.3983,0.0226,57.94
66911,2026-06,1,0.3443,0.045,37.08
48002,2025-10,0,0.5845,0.0413,
48002,2025-11,0,0.5875,0.0399,
48002,2025-12,0,0.5835,0.0371,
48002,2026-01,0,0.5883,0.0505,
48002,2026-02,0,0.5957,0.0353,
48002,2026-03,0,0.5833,0.0321,
48002,2026-04,0,0.5635,0.042,
48002,2026-05,0,0.6086,0.0395,
48002,2026-06,0,0.5524,0.0256,
33562,2025-10,0,0.4533,0.0387,
33562,2025-11,0,0.4607,0.0338,
33562,2025-12,0,0.4569,0.0418,
33562,2026-01,0,0.4497,0.0511,
33562,2026-02,0,0.4579,0.0346,
33562,2026-03,0,0.4483,0.0436,
33562,2026-04,0,0.4453,0.0409,
33562,2026-05,0,0.453,0.0453,
33562,2026-06,0,0.4019,0.0502,
34725,2025-10,1,0.4005,0.0363,61.02
34725,2025-11,1,0.4012,0.0211,52.17
34725,2025-12,1,0.4039,0.036,43.17
34725,2026-01,1,0.3897,0.0193,53.82
34725,2026-02,1,0.3979,0.0228,59.25
34725,2026-03,1,0.3953,0.0374,50.35
34725,2026-04,1,0.3768,0.0209,55.6
34725,2026-05,1,0.391,0.0276,58.31
34725,2026-06,1,0.3996,0.0364,44.41
39262,2025-10,0,0.613,0.0447,
39262,2025-11,0,0.6191,0.0507,
39262,2025-12,0,0.6272,0.0484,
39262,2026-01,0,0.6131,0.0409,
39262,2026-02,0,0.6213,0.0209,
39262,2026-03,0,0.6262,0.0419,
39262,2026-04,0,0.5983,0.0309,
39262,2026-05,0,0.6101,0.0487,
39262,2026-06,0,0.6001,0.036,
19147,2025-10,0,0.6748,0.0423,
19147,2025-11,0,0.6742,0.0561,
19147,2025-12,0,0.6729,0.0481,
19147,2026-01,0,0.6694,0.0396,
19147,2026-02,0,0.6821,0.0392,
19147,2026-03,0,0.7017,0.0538,
19147,2026-04,0,0.6811,0.0382,
19147,2026-05,0,0.6683,0.046,
19147,2026-06,0,0.7382,0.0629,
99082,2025-10,1,0.3667,0.0382,50.79
99082,2025-11,1,0.3644,0.0239,65.02
99082,2025-12,1,0.3652,0.0266,50.07
99082,2026-01,1,0.355,0.0211,67.63
99082,2026-02,1,0.3609,0.0384,55.0
99082,2026-03,1,0.3382,0.0454,76.71
99082,2026-04,1,0.3536,0.0375,44.43
99082,2026-05,1,0.3468,0.0217,45.17
99082,2026-06,1,0.338,0.0393,65.19
36218,2025-10,0,0.5035,0.0472,
36218,2025-11,0,0.4978,0.0489,
36218,2025-12,0,0.4985,0.0443,
36218,2026-01,0,0.5149,0.0306,
36218,2026-02,0,0.4937,0.0406,
36218,2026-03,0,0.5199,0.0512,
36218,2026-04,0,0.5182,0.0469,
36218,2026-05,0,0.5144,0.06,
36218,2026-06,0,0.5117,0.0522,
36970,2025-10,0,0.4971,0.0272,
36970,2025-11,0,0.5024,0.0369,
36970,2025-12,0,0.5052,0.0488,
36970,2026-01,0,0.5101,0.0364,
36970,2026-02,0,0.5013,0.0466,
36970,2026-03,0,0.5191,0.0594,
36970,2026-04,0,0.4974,0.0413,
36970,2026-05,0,0.5338,0.0518,
36970,2026-06,0,0.5077,0.0218,
50859,2025-10,1,0.3059,0.0182,64.98
50859,2025-11,1,0.3036,0.0271,57.34
50859,2025-12,1,0.3119,0.0232,59.22
50859,2026-01,1,0.3102,0.0272,62.12
50859,2026-02,1,0.2896,0.0101,57.39
50859,2026-03,1,0.2877,0.022,53.2
50859,2026-04,1,0.2932,0.0351,53.31
50859,2026-05,1,0.3052,0.0291,48.11
50859,2026-06,1,0.2854,0.0073,54.51
43481,2025-10,0,0.3919,0.0446,
43481,2025-11,0,0.3935,0.0327,
43481,2025-12,0,0.3956,0.0356,
43481,2026-01,0,0.3838,0.0374,
43481,2026-02,0,0.3973,0.0258,
43481,2026-03,0,0.4106,0.0225,
43481,2026-04,0,0.417,0.0473,
43481,2026-05,0,0.375,0.038,
43481,2026-06,0,0.4051,0.0427,
34200,2025-10,1,0.4297,0.0458,53.16
34200,2025-11,1,0.4323,0.0181,49.74
34200,2025-12,1,0.4233,0.0308,55.81
34200,2026-01,1,0.4153,0.0313,62.83
34200,2026-02,1,0.409,0.0379,60.65
34200,2026-03,1,0.3956,0.0255,62.98
34200,2026-04,1,0.4202,0.0352,39.35
34200,2026-05,1,0.4155,0.0349,50.32
34200,2026-06,1,0.3905,0.0268,46.05
82954,2025-10,0,0.491,0.0244,
82954,2025-11,0,0.4867,0.0662,
82954,2025-12,0,0.4944,0.035,
82954,2026-01,0,0.4768,0.036,
82954,2026-02,0,0.4741,0.0385,
82954,2026-03,0,0.4653,0.0599,
82954,2026-04,0,0.505,0.0339,
82954,2026-05,0,0.4704,0.0393,
82954,2026-06,0,0.5377,0.0461,
24944,2025-10,0,0.5513,0.0521,
24944,2025-11,0,0.5489,0.0591,
24944,2025-12,0,0.5536,0.0264,
24944,2026-01,0,0.5444,0.0472,
24944,2026-02,0,0.5282,0.0428,
24944,2026-03,0,0.5597,0.0341,
24944,2026-04,0,0.5457,0.0366,
24944,2026-05,0,0.552,0.0315,
24944,2026-06,0,0.5528,0.0343,
38113,2025-10,0,0.5383,0.0317,
38113,2025-11,0,0.5397,0.0487,
38113,2025-12,0,0.5379,0.0144,
38113,2026-01,0,0.5375,0.0482,
38113,2026-02,0,0.5516,0.0535,
38113,2026-03,0,0.5289,0.0267,
38113,2026-04,0,0.531,0.0267,
38113,2026-05,0,0.5413,0.0209,
38113,2026-06,0,0.5351,0.0556,
57668,2025-10,1,0.3363,0.0316,53.61
57668,2025-11,1,0.3344,0.0348,50.46
57668,2025-12,1,0.3249,0.0238,62.76
57668,2026-01,1,0.3238,0.0399,49.66
57668,2026-02,1,0.3336,0.0413,48.45
57668,2026-03,1,0.3243,0.042,48.12
57668,2026-04,1,0.3276,0.0148,49.19
57668,2026-05,1,0.339,0.0317,58.58
57668,2026-06,1,0.3371,0.0329,39.14
70755,2025-10,1,0.3601,0.0378,48.73
70755,2025-11,1,0.3566,0.0343,66.78
70755,2025-12,1,0.3622,0.028,42.25
70755,2026-01,1,0.3339,0.0354,53.78
70755,2026-02,1,0.3582,0.0303,55.62
70755,2026-03,1,0.3549,0.0224,70.08
70755,2026-04,1,0.3502,0.0412,61.62
70755,2026-05,1,0.3469,0.0358,52.33
70755,2026-06,1,0.3239,0.0318,57.39
71934,2025-10,0,0.4748,0.0395,
71934,2025-11,0,0.4722,0.0366,
71934,2025-12,0,0.4791,0.0433,
71934,2026-01,0,0.4963,0.0373,
71934,2026-02,0,0.4896,0.0401,
71934,2026-03,0,0.4834,0.049,
71934,2026-04,0,0.4827,0.0354,
71934,2026-05,0,0.4814,0.0479,
71934,2026-06,0,0.5042,0.0401,
14646,2025-10,0,0.6323,0.0362,
14646,2025-11,0,0.6366,0.0201,
14646,2025-12,0,0.6183,0.0383,
14646,2026-01,0,0.6203,0.0422,
14646,2026-02,0,0.6437,0.0635,
14646,2026-03,0,0.6512,0.0515,
14646,2026-04,0,0.6701,0.0574,
14646,2026-05,0,0.6891,0.0447,
14646,2026-06,0,0.6613,0.0337,
21437,2025-10,1,0.4471,0.0242,40.12
21437,2025-11,1,0.4431,0.0243,50.64
21437,2025-12,1,0.4357,0.0261,38.19
21437,2026-01,1,0.4402,0.0269,52.84
21437,2026-02,1,0.4535,0.0246,60.03
21437,2026-03,1,0.4081,0.033,57.25
21437,2026-04,1,0.4224,0.0282,58.64
21437,2026-05,1,0.4727,0.0398,62.21
21437,2026-06,1,0.4082,0.0264,67.53
21864,2025-10,1,0.3769,0.0187,37.85
21864,2025-11,1,0.375,0.0189,45.85
21864,2025-12,1,0.3687,0.0229,72.36
21864,2026-01,1,0.358,0.0343,53.08
21864,2026-02,1,0.3654,0.0314,63.63
21864,2026-03,1,0.3364,0.0218,54.97
21864,2026-04,1,0.3542,0.0208,64.19
21864,2026-05,1,0.3484,0.0398,64.41
21864,2026-06,1,0.3635,0.0288,62.33
85422,2025-10,0,0.4255,0.0412,
85422,2025-11,0,0.4209,0.0541,
85422,2025-12,0,0.4286,0.0468,
85422,2026-01,0,0.4188,0.0306,
85422,2026-02,0,0.4303,0.0376,
85422,2026-03,0,0.4393,0.046,
85422,2026-04,0,0.4189,0.0569,
85422,2026-05,0,0.4522,0.0575,
85422,2026-06,0,0.4561,0.0439,
82951,2025-10,1,0.3779,0.0261,64.39
82951,2025-11,1,0.3738,0.025,61.67
82951,2025-12,1,0.3892,0.021,46.17
82951,2026-01,1,0.3773,0.0356,39.63
82951,2026-02,1,0.3828,0.02,64.94
82951,2026-03,1,0.3867,0.0273,66.25
82951,2026-04,1,0.3625,0.0343,68.9
82951,2026-05,1,0.3587,0.0105,50.48
82951,2026-06,1,0.4032,0.0332,40.7
55883,2025-10,0,0.4406,0.0355,
55883,2025-11,0,0.4385,0.0617,
55883,2025-12,0,0.4467,0.047,
55883,2026-01,0,0.4494,0.024,
55883,2026-02,0,0.4651,0.0556,
55883,2026-03,0,0.4649,0.0419,
55883,2026-04,0,0.4728,0.0465,
55883,2026-05,0,0.4546,0.0297,
55883,2026-06,0,0.4982,0.0522,
96473,2025-10,1,0.4501,0.0304,65.26
96473,2025-11,1,0.4524,0.0289,41.78
96473,2025-12,1,0.4428,0.0265,52.05
96473,2026-01,1,0.4333,0.0337,50.24
96473,2026-02,1,0.4485,0.0357,53.17
96473,2026-03,1,0.4491,0.0267,65.26
96473,2026-04,1,0.4358,0.0338,44.91
96473,2026-05,1,0.4209,0.0149,51.64
96473,2026-06,1,0.4788,0.0252,55.51
59197,2025-10,1,0.3334,0.0302,51.91
59197,2025-11,1,0.3332,0.0338,43.89
59197,2025-12,1,0.3218,0.0202,71.92
59197,2026-01,1,0.3281,0.0304,66.92
59197,2026-02,1,0.333,0.0239,68.35
59197,2026-03,1,0.3298,0.0241,50.58
59197,2026-04,1,0.2998,0.0209,59.18
59197,2026-05,1,0.3075,0.0201,49.62
59197,2026-06,1,0.3123,0.0219,42.79
44517,2025-10,0,0.5526,0.0241,
44517,2025-11,0,0.5549,0.0328,
44517,2025-12,0,0.5489,0.0494,
44517,2026-01,0,0.5465,0.0505,
44517,2026-02,0,0.5787,0.0407,
44517,2026-03,0,0.5604,0.0308,
44517,2026-04,0,0.5459,0.0446,
44517,2026-05,0,0.5464,0.0468,
44517,2026-06,0,0.5255,0.0337,
31609,2025-10,0,0.5964,0.0528,
31609,2025-11,0,0.598,0.0435,
31609,2025-12,0,0.591,0.0478,
31609,2026-01,0,0.6009,0.0447,
31609,2026-02,0,0.5861,0.0266,
31609,2026-03,0,0.6035,0.0337,
31609,2026-04,0,0.618,0.0207,
31609,2026-05,0,0.593,0.0448,
31609,2026-06,0,0.5684,0.061,
94681,2025-10,1,0.4125,0.0424,46.6
94681,2025-11,1,0.4133,0.0344,50.64
94681,2025-12,1,0.4023,0.0248,38.71
94681,2026-01,1,0.4096,0.0435,45.31
94681,2026-02,1,0.3887,0.0239,46.6
94681,2026-03,1,0.3758,0.0307,43.16
94681,2026-04,1,0.387,0.0292,51.29
94681,2026-05,1,0.392,0.0243,57.57
94681,2026-06,1,0.4089,0.0351,46.79
81963,2025-10,0,0.5367,0.0331,
81963,2025-11,0,0.5362,0.0483,
81963,2025-12,0,0.539,0.039,
81963,2026-01,0,0.5306,0.0458,
81963,2026-02,0,0.5168,0.045,
81963,2026-03,0,0.5521,0.0544,
81963,2026-04,0,0.5251,0.0494,
81963,2026-05,0,0.525,0.0435,
81963,2026-06,0,0.5638,0.0427,
47558,2025-10,0,0.6492,0.0479,
47558,2025-11,0,0.6503,0.0505,
47558,2025-12,0,0.6573,0.036,
47558,2026-01,0,0.6482,0.0511,
47558,2026-02,0,0.655,0.0445,
47558,2026-03,0,0.6693,0.0321,
47558,2026-04,0,0.6655,0.0593,
47558,2026-05,0,0.6621,0.0564,
47558,2026-06,0,0.6596,0.0383,
48318,2025-10,0,0.3992,0.0345,
48318,2025-11,0,0.4012,0.0241,
48318,2025-12,0,0.4017,0.0416,
48318,2026-01,0,0.42,0.0331,
48318,2026-02,0,0.3939,0.0352,
48318,2026-03,0,0.4069,0.0453,
48318,2026-04,0,0.4369,0.0474,
48318,2026-05,0,0.441,0.0533,
48318,2026-06,0,0.4232,0.0473,
74521,2025-10,0,0.5391,0.0333,
74521,2025-11,0,0.5413,0.0443,
74521,2025-12,0,0.5369,0.041,
74521,2026-01,0,0.5235,0.0353,
74521,2026-02,0,0.5354,0.0588,
74521,2026-03,0,0.5533,0.0426,
74521,2026-04,0,0.5617,0.0507,
74521,2026-05,0,0.539,0.0396,
74521,2026-06,0,0.5721,0.0259,
95590,2025-10,0,0.5351,0.0386,
95590,2025-11,0,0.5394,0.0274,
95590,2025-12,0,0.5342,0.0267,
95590,2026-01,0,0.5313,0.0367,
95590,2026-02,0,0.5326,0.0401,
95590,2026-03,0,0.5433,0.041,
95590,2026-04,0,0.5577,0.0478,
95590,2026-05,0,0.5734,0.0664,
95590,2026-06,0,0.5564,0.0452,
31397,2025-10,0,0.4604,0.0453,
31397,2025-11,0,0.4673,0.0249,
31397,2025-12,0,0.4667,0.0315,
31397,2026-01,0,0.4687,0.0421,
31397,2026-02,0,0.472,0.0413,
31397,2026-03,0,0.4775,0.0331,
31397,2026-04,0,0.4735,0.0567,
31397,2026-05,0,0.4404,0.056,
31397,2026-06,0,0.4832,0.0577,
84155,2025-10,0,0.471,0.0464,
84155,2025-11,0,0.4722,0.0487,
84155,2025-12,0,0.4795,0.0318,
84155,2026-01,0,0.4817,0.0385,
84155,2026-02,0,0.474,0.0274,
84155,2026-03,0,0.4515,0.0425,
84155,2026-04,0,0.4595,0.0433,
84155,2026-05,0,0.494,0.052,
84155,2026-06,0,0.4625,0.0531,
69363,2025-10,1,0.4782,0.0276,51.33
69363,2025-11,1,0.4765,0.0396,72.8
69363,2025-12,1,0.4823,0.041,52.14
69363,2026-01,1,0.4768,0.0171,76.45
69363,2026-02,1,0.466,0.0437,45.02
69363,2026-03,1,0.4768,0.0218,47.47
69363,2026-04,1,0.4717,0.0243,52.97
69363,2026-05,1,0.4551,0.0383,49.54
69363,2026-06,1,0.4584,0.0361,60.78
98559,2025-10,1,0.3401,0.0265,51.22
98559,2025-11,1,0.3354,0.039,50.01
98559,2025-12,1,0.329,0.0483,73.15
98559,2026-01,1,0.3291,0.0242,72.1
98559,2026-02,1,0.326,0.0469,61.71
98559,2026-03,1,0.3384,0.039,49.91
98559,2026-04,1,0.3414,0.0291,47.07
98559,2026-05,1,0.3229,0.0408,68.35
98559,2026-06,1,0.3285,0.0238,52.22
78102,2025-10,0,0.5167,0.0334,
78102,2025-11,0,0.5197,0.0462,
78102,2025-12,0,0.5149,0.0345,
78102,2026-01,0,0.5128,0.0342,
78102,2026-02,0,0.5128,0.0607,
78102,2026-03,0,0.53,0.0442,
78102,2026-04,0,0.5022,0.0421,
78102,2026-05,0,0.5431,0.0382,
78102,2026-06,0,0.4884,0.0468,
71228,2025-10,0,0.5951,0.0366,
71228,2025-11,0,0.5903,0.0358,
71228,2025-12,0,0.5829,0.0157,
71228,2026-01,0,0.5978,0.0385,
71228,2026-02,0,0.603,0.0487,
71228,2026-03,0,0.596,0.0382,
71228,2026-04,0,0.6111,0.0425,
71228,2026-05,0,0.5942,0.0421,
71228,2026-06,0,0.6225,0.0365,
46443,2025-10,0,0.5311,0.0351,
46443,2025-11,0,0.5304,0.0503,
46443,2025-12,0,0.5404,0.031,
46443,2026-01,0,0.5295,0.0487,
46443,2026-02,0,0.5388,0.0441,
46443,2026-03,0,0.5268,0.0254,
46443,2026-04,0,0.5144,0.0418,
46443,2026-05,0,0.5317,0.0527,
46443,2026-06,0,0.53,0.0346,
14892,2025-10,1,0.4334,0.0282,69.95
14892,2025-11,1,0.4314,0.0296,54.11
14892,2025-12,1,0.4303,0.0203,62.1
14892,2026-01,1,0.4197,0.0192,40.56
14892,2026-02,1,0.3961,0.0266,41.62
14892,2026-03,1,0.4346,0.0154,57.03
14892,2026-04,1,0.4141,0.0133,42.58
14892,2026-05,1,0.3956,0.0358,59.16
14892,2026-06,1,0.4237,0.0129,60.63
69374,2025-10,0,0.5456,0.0329,
69374,2025-11,0,0.5418,0.0434,
69374,2025-12,0,0.5483,0.0409,
69374,2026-01,0,0.5543,0.0239,
69374,2026-02,0,0.5694,0.0308,
69374,2026-03,0,0.563,0.0517,
69374,2026-04,0,0.5604,0.0542,
69374,2026-05,0,0.5452,0.0524,
69374,2026-06,0,0.5297,0.0368,
21551,2025-10,0,0.4429,0.0438,
21551,2025-11,0,0.4405,0.0455,
21551,2025-12,0,0.4422,0.0392,
21551,2026-01,0,0.4333,0.0455,
21551,2026-02,0,0.4369,0.0538,
21551,2026-03,0,0.4444,0.0286,
21551,2026-04,0,0.4376,0.049,
21551,2026-05,0,0.4627,0.0415,
21551,2026-06,0,0.4527,0.0352,
84437,2025-10,0,0.5197,0.0381,
84437,2025-11,0,0.5178,0.0396,
84437,2025-12,0,0.523,0.0447,
84437,2026-01,0,0.5282,0.067,
84437,2026-02,0,0.5264,0.043,
84437,2026-03,0,0.5054,0.0396,
84437,2026-04,0,0.5206,0.0385,
84437,2026-05,0,0.5173,0.0414,
84437,2026-06,0,0.4951,0.0454,
72611,2025-10,1,0.4354,0.025,50.57
72611,2025-11,1,0.4337,0.0281,46.21
72611,2025-12,1,0.424,0.0319,51.95
72611,2026-01,1,0.4244,0.0321,52.33
72611,2026-02,1,0.4281,0.0196,53.61
72611,2026-03,1,0.4279,0.0215,39.3
72611,2026-04,1,0.3975,0.0261,47.57
72611,2026-05,1,0.4263,0.0211,66.0
72611,2026-06,1,0.395,0.0198,59.08
85846,2025-10,1,0.3694,0.0246,60.74
85846,2025-11,1,0.3666,0.0365,34.56
85846,2025-12,1,0.3678,0.0308,50.6
85846,2026-01,1,0.3709,0.021,88.1
85846,2026-02,1,0.3839,0.0284,65.37
85846,2026-03,1,0.3718,0.0359,46.82
85846,2026-04,1,0.3499,0.0328,55.6
85846,2026-05,1,0.3314,0.0234,51.18
85846,2026-06,1,0.3298,0.0184,51.18
42290,2025-10,1,0.3622,0.005,60.93
42290,2025-11,1,0.3589,0.0357,58.04
42290,2025-12,1,0.3529,0.0326,60.63
42290,2026-01,1,0.3606,0.0462,48.46
42290,2026-02,1,0.3482,0.0373,70.57
42290,2026-03,1,0.36,0.0396,43.32
42290,2026-04,1,0.3503,0.0247,56.11
42290,2026-05,1,0.35,0.0177,63.11
42290,2026-06,1,0.3491,0.029,47.02
35401,2025-10,1,0.3657,0.0313,49.78
35401,2025-11,1,0.3606,0.02,52.86
35401,2025-12,1,0.366,0.0353,33.23
35401,2026-01,1,0.3578,0.02,50.33
35401,2026-02,1,0.3519,0.0237,60.82
35401,2026-03,1,0.3758,0.0287,53.25
35401,2026-04,1,0.3606,0.0152,47.41
35401,2026-05,1,0.3657,0.0289,41.23
35401,2026-06,1,0.3881,0.0321,67.76
95846,2025-10,0,0.4593,0.0408,
95846,2025-11,0,0.4593,0.0338,
95846,2025-12,0,0.4651,0.0288,
95846,2026-01,0,0.4637,0.0571,
95846,2026-02,0,0.4425,0.0358,
95846,2026-03,0,0.4463,0.0347,
95846,2026-04,0,0.442,0.0349,
95846,2026-05,0,0.4687,0.0242,
95846,2026-06,0,0.4781,0.0236,
80959,2025-10,0,0.4202,0.0369,
80959,2025-11,0,0.4166,0.0476,
80959,2025-12,0,0.4223,0.0374,
80959,2026-01,0,0.4241,0.0421,
80959,2026-02,0,0.4321,0.0574,
80959,2026-03,0,0.4018,0.0422,
80959,2026-04,0,0.4382,0.0444,
80959,2026-05,0,0.4399,0.0516,
80959,2026-06,0,0.4464,0.041,
49226,2025-10,0,0.4843,0.0327,
49226,2025-11,0,0.4853,0.0494,
49226,2025-12,0,0.4836,0.0306,
49226,2026-01,0,0.4903,0.0382,
49226,2026-02,0,0.4828,0.0596,
49226,2026-03,0,0.4706,0.042,
49226,2026-04,0,0.4905,0.0574,
49226,2026-05,0,0.4984,0.0444,
49226,2026-06,0,0.5245,0.051,
63870,2025-10,0,0.5502,0.0501,
63870,2025-11,0,0.5512,0.0506,
63870,2025-12,0,0.5467,0.042,
63870,2026-01,0,0.5387,0.042,
63870,2026-02,0,0.5496,0.0407,
63870,2026-03,0,0.5794,0.026,
63870,2026-04,0,0.5851,0.0434,
63870,2026-05,0,0.54,0.0224,
63870,2026-06,0,0.5554,0.0351,
91235,2025-10,0,0.6316,0.0551,
91235,2025-11,0,0.6386,0.058,
91235,2025-12,0,0.64,0.0493,
91235,2026-01,0,0.6315,0.0314,
91235,2026-02,0,0.6403,0.053,
91235,2026-03,0,0.6402,0.046,
91235,2026-04,0,0.6695,0.0418,
91235,2026-05,0,0.6279,0.0565,
91235,2026-06,0,0.6269,0.0506,
98436,2025-10,1,0.3892,0.0157,49.01
98436,2025-11,1,0.3886,0.0266,57.89
98436,2025-12,1,0.3945,0.0214,61.51
98436,2026-01,1,0.3818,0.0309,51.16
98436,2026-02,1,0.3745,0.0309,62.98
98436,2026-03,1,0.3719,0.0506,51.65
98436,2026-04,1,0.39,0.0445,52.46
98436,2026-05,1,0.394,0.0367,40.9
98436,2026-06,1,0.3587,0.0382,41.94
41592,2025-10,0,0.552,0.0419,
41592,2025-11,0,0.552,0.0363,
41592,2025-12,0,0.5462,0.0488,
41592,2026-01,0,0.56,0.0459,
41592,2026-02,0,0.5381,0.0528,
41592,2026-03,0,0.5644,0.0258,
41592,2026-04,0,0.5727,0.0538,
41592,2026-05,0,0.5381,0.0321,
41592,2026-06,0,0.5467,0.0337,
53384,2025-10,1,0.3971,0.032,50.8
53384,2025-11,1,0.396,0.0244,49.69
53384,2025-12,1,0.3889,0.0267,38.65
53384,2026-01,1,0.3978,0.0268,57.54
53384,2026-02,1,0.3737,0.021,63.7
53384,2026-03,1,0.3944,0.0182,71.97
53384,2026-04,1,0.3811,0.0096,54.05
53384,2026-05,1,0.3733,0.0344,45.37
53384,2026-06,1,0.3751,0.0382,58.32
14493,2025-10,1,0.3317,0.0296,52.48
14493,2025-11,1,0.3327,0.0208,38.37
14493,2025-12,1,0.3373,0.0328,44.62
14493,2026-01,1,0.3287,0.0294,53.46
14493,2026-02,1,0.3086,0.0334,68.74
14493,2026-03,1,0.3255,0.0259,53.01
14493,2026-04,1,0.3189,0.0274,51.05
14493,2026-05,1,0.3443,0.0336,50.59
14493,2026-06,1,0.2911,0.0268,67.86
99577,2025-10,0,0.4282,0.0353,
99577,2025-11,0,0.431,0.0426,
99577,2025-12,0,0.4397,0.0355,
99577,2026-01,0,0.4362,0.05,
99577,2026-02,0,0.4336,0.0414,
99577,2026-03,0,0.4359,0.0474,
99577,2026-04,0,0.4514,0.0492,
99577,2026-05,0,0.4498,0.0422,
99577,2026-06,0,0.372,0.0454,
32768,2025-10,1,0.3588,0.0284,52.69
32768,2025-11,1,0.36,0.0397,30.57
32768,2025-12,1,0.3551,0.0224,62.52
32768,2026-01,1,0.3505,0.0405,54.32
32768,2026-02,1,0.346,0.0274,51.95
32768,2026-03,1,0.3281,0.0308,64.0
32768,2026-04,1,0.3551,0.0371,61.84
32768,2026-05,1,0.3742,0.0335,51.21
32768,2026-06,1,0.3427,0.0241,61.7
80363,2025-10,1,0.3466,0.034,69.66
80363,2025-11,1,0.3494,0.0301,60.28
80363,2025-12,1,0.3285,0.0202,53.44
80363,2026-01,1,0.3394,0.0256,64.58
80363,2026-02,1,0.3316,0.0218,51.14
80363,2026-03,1,0.3432,0.0146,50.93
80363,2026-04,1,0.3399,0.0206,49.63
80363,2026-05,1,0.3416,0.0375,49.61
80363,2026-06,1,0.3283,0.0178,43.68
64874,2025-10,0,0.4357,0.0438,
64874,2025-11,0,0.4374,0.0456,
64874,2025-12,0,0.4349,0.0513,
64874,2026-01,0,0.447,0.0396,
64874,2026-02,0,0.4521,0.0521,
64874,2026-03,0,0.4271,0.039,
64874,2026-04,0,0.4243,0.0399,
64874,2026-05,0,0.4527,0.0316,
64874,2026-06,0,0.4362,0.0381,
82563,2025-10,0,0.4422,0.0357,
82563,2025-11,0,0.4447,0.0426,
82563,2025-12,0,0.445,0.0759,
82563,2026-01,0,0.438,0.0458,
82563,2026-02,0,0.4651,0.0412,
82563,2026-03,0,0.4686,0.0441,
82563,2026-04,0,0.4279,0.0451,
82563,2026-05,0,0.4795,0.0331,
82563,2026-06,0,0.4471,0.0411,
14644,2025-10,0,0.4962,0.0508,
14644,2025-11,0,0.503,0.0205,
14644,2025-12,0,0.5012,0.0327,
14644,2026-01,0,0.5059,0.053,
14644,2026-02,0,0.4985,0.052,
14644,2026-03,0,0.5089,0.0389,
14644,2026-04,0,0.5254,0.0406,
14644,2026-05,0,0.52,0.0309,
14644,2026-06,0,0.5107,0.0521,
20239,2025-10,0,0.4982,0.0403,
20239,2025-11,0,0.5012,0.0449,
20239,2025-12,0,0.4958,0.0434,
20239,2026-01,0,0.5053,0.0422,
20239,2026-02,0,0.5163,0.0286,
20239,2026-03,0,0.517,0.0407,
20239,2026-04,0,0.4983,0.0447,
20239,2026-05,0,0.4918,0.0516,
20239,2026-06,0,0.4657,0.0543,
84147,2025-10,1,0.3109,0.0264,58.08
84147,2025-11,1,0.3014,0.0255,61.44
84147,2025-12,1,0.3107,0.0302,57.22
84147,2026-01,1,0.2914,0.0183,73.62
84147,2026-02,1,0.2861,0.0361,59.02
84147,2026-03,1,0.3271,0.0392,43.69
84147,2026-04,1,0.2774,0.0241,48.72
84147,2026-05,1,0.2808,0.0254,50.06
84147,2026-06,1,0.3128,0.0198,59.67
27636,2025-10,1,0.288,0.0206,42.82
27636,2025-11,1,0.2896,0.0215,41.38
27636,2025-12,1,0.2749,0.0256,21.58
27636,2026-01,1,0.2764,0.0454,64.34
27636,2026-02,1,0.2821,0.0121,44.63
27636,2026-03,1,0.2659,0.0251,63.37
27636,2026-04,1,0.2414,0.0264,49.86
27636,2026-05,1,0.273,0.0106,56.09
27636,2026-06,1,0.2443,0.0149,51.97
97554,2025-10,0,0.4799,0.0261,
97554,2025-11,0,0.4817,0.0296,
97554,2025-12,0,0.4749,0.048,
97554,2026-01,0,0.4747,0.0561,
97554,2026-02,0,0.493,0.0354,
97554,2026-03,0,0.4933,0.0499,
97554,2026-04,0,0.4709,0.0418,
97554,2026-05,0,0.5008,0.0249,
97554,2026-06,0,0.5042,0.0468,
37608,2025-10,1,0.3805,0.025,35.04
37608,2025-11,1,0.3788,0.0229,65.52
37608,2025-12,1,0.3794,0.016,48.23
37608,2026-01,1,0.3691,0.0206,67.19
37608,2026-02,1,0.3899,0.0221,54.93
37608,2026-03,1,0.3833,0.0331,51.39
37608,2026-04,1,0.3587,0.0217,61.77
37608,2026-05,1,0.3904,0.0267,61.18
37608,2026-06,1,0.3132,0.03,53.8
99820,2025-10,1,0.4207,0.0457,62.98
99820,2025-11,1,0.4233,0.039,49.08
99820,2025-12,1,0.429,0.0152,58.33
99820,2026-01,1,0.3993,0.03,52.9
99820,2026-02,1,0.4256,0.0385,43.12
99820,2026-03,1,0.3961,0.0214,72.27
99820,2026-04,1,0.4059,0.0319,66.17
99820,2026-05,1,0.3957,0.0285,49.27
99820,2026-06,1,0.4073,0.0349,51.32
99034,2025-10,1,0.417,0.0305,71.11
99034,2025-11,1,0.4176,0.0146,57.55
99034,2025-12,1,0.4164,0.0284,55.79
99034,2026-01,1,0.4111,0.0294,62.08
99034,2026-02,1,0.4004,0.0202,63.61
99034,2026-03,1,0.4051,0.0413,73.32
99034,2026-04,1,0.3796,0.0256,42.26
99034,2026-05,1,0.3956,0.0236,55.54
99034,2026-06,1,0.3891,0.0181,61.25
15642,2025-10,0,0.6421,0.0468,
15642,2025-11,0,0.6406,0.035,
15642,2025-12,0,0.6431,0.0382,
15642,2026-01,0,0.6318,0.039,
15642,2026-02,0,0.6425,0.0489,
15642,2026-03,0,0.6559,0.0386,
15642,2026-04,0,0.6314,0.0551,
15642,2026-05,0,0.6331,0.0335,
15642,2026-06,0,0.6284,0.0326,
55408,2025-10,1,0.336,0.0287,41.64
55408,2025-11,1,0.3274,0.0279,59.33
55408,2025-12,1,0.3423,0.0278,35.92
55408,2026-01,1,0.3207,0.0281,52.23
55408,2026-02,1,0.3279,0.0353,54.97
55408,2026-03,1,0.3345,0.0278,47.06
55408,2026-04,1,0.3257,0.0281,40.71
55408,2026-05,1,0.326,0.0263,51.57
55408,2026-06,1,0.3462,0.0167,56.15
77889,2025-10,1,0.4631,0.0351,64.87
77889,2025-11,1,0.4581,0.0344,46.17
77889,2025-12,1,0.46,0.0328,35.32
77889,2026-01,1,0.4515,0.0167,55.59
77889,2026-02,1,0.4561,0.0199,34.83
77889,2026-03,1,0.4377,0.0286,60.65
77889,2026-04,1,0.4259,0.0257,67.28
77889,2026-05,1,0.4885,0.0282,62.81
77889,2026-06,1,0.4515,0.0241,57.45
24086,2025-10,0,0.5451,0.0411,
24086,2025-11,0,0.5432,0.034,
24086,2025-12,0,0.5419,0.0506,
24086,2026-01,0,0.5614,0.0335,
24086,2026-02,0,0.5495,0.0255,
24086,2026-03,0,0.5279,0.0553,
24086,2026-04,0,0.5786,0.0497,
24086,2026-05,0,0.5419,0.0336,
24086,2026-06,0,0.5512,0.0481,
68710,2025-10,1,0.344,0.0233,41.34
68710,2025-11,1,0.3396,0.0327,46.74
68710,2025-12,1,0.3425,0.0327,57.58
68710,2026-01,1,0.33,0.0298,48.81
68710,2026-02,1,0.3461,0.0298,53.84
68710,2026-03,1,0.3506,0.0182,55.07
68710,2026-04,1,0.3596,0.0162,72.55
68710,2026-05,1,0.3413,0.0262,65.62
68710,2026-06,1,0.3016,0.0254,51.14
13234,2025-10,0,0.5131,0.0488,
13234,2025-11,0,0.5178,0.0323,
13234,2025-12,0,0.5231,0.0406,
13234,2026-01,0,0.5003,0.038,
13234,2026-02,0,0.4974,0.0464,
13234,2026-03,0,0.5139,0.0462,
13234,2026-04,0,0.5243,0.0387,
13234,2026-05,0,0.5494,0.0335,
13234,2026-06,0,0.5334,0.0462,
20943,2025-10,1,0.3205,0.0395,50.82
20943,2025-11,1,0.3183,0.0289,50.13
20943,2025-12,1,0.3149,0.0324,53.83
20943,2026-01,1,0.297,0.0201,41.57
20943,2026-02,1,0.3173,0.0308,50.91
20943,2026-03,1,0.317,0.0247,60.14
20943,2026-04,1,0.3165,0.0237,64.63
20943,2026-05,1,0.3063,0.0302,61.43
20943,2026-06,1,0.2787,0.0244,54.21
12914,2025-10,1,0.3885,0.0291,29.88
12914,2025-11,1,0.3854,0.0313,60.15
12914,2025-12,1,0.3738,0.0391,53.85
12914,2026-01,1,0.3799,0.0258,62.38
12914,2026-02,1,0.3742,0.0287,55.74
12914,2026-03,1,0.4165,0.0338,51.04
12914,2026-04,1,0.3738,0.0203,63.01
12914,2026-05,1,0.369,0.0278,45.1
12914,2026-06,1,0.432,0.044,70.13
59214,2025-10,1,0.4054,0.0299,77.88
59214,2025-11,1,0.4052,0.0191,68.05
59214,2025-12,1,0.4098,0.0305,50.22
59214,2026-01,1,0.3971,0.0291,54.13
59214,2026-02,1,0.4231,0.0342,68.56
59214,2026-03,1,0.403,0.0239,49.79
59214,2026-04,1,0.4029,0.0239,48.9
59214,2026-05,1,0.391,0.0292,48.45
59214,2026-06,1,0.4383,0.0311,72.17
96952,2025-10,0,0.5637,0.035,
96952,2025-11,0,0.5648,0.0363,
96952,2025-12,0,0.5689,0.0361,
96952,2026-01,0,0.5513,0.0305,
96952,2026-02,0,0.5603,0.0478,
96952,2026-03,0,0.5794,0.0536,
96952,2026-04,0,0.553,0.054,
96952,2026-05,0,0.5751,0.0345,
96952,2026-06,0,0.5502,0.0605,
40418,2025-10,0,0.5249,0.039,
40418,2025-11,0,0.5174,0.051,
40418,2025-12,0,0.522,0.028,
40418,2026-01,0,0.5438,0.032,
40418,2026-02,0,0.5273,0.0448,
40418,2026-03,0,0.5256,0.0447,
40418,2026-04,0,0.5198,0.0308,
40418,2026-05,0,0.5083,0.0364,
40418,2026-06,0,0.573,0.024,
23394,2025-10,0,0.4631,0.0217,
23394,2025-11,0,0.4626,0.0418,
23394,2025-12,0,0.456,0.0272,
23394,2026-01,0,0.463,0.0613,
23394,2026-02,0,0.4774,0.0556,
23394,2026-03,0,0.4888,0.0399,
23394,2026-04,0,0.4622,0.0423,
23394,2026-05,0,0.463,0.0357,
23394,2026-06,0,0.5045,0.0333,
92374,2025-10,1,0.2819,0.0278,33.2
92374,2025-11,1,0.2775,0.0214,54.11
92374,2025-12,1,0.2807,0.0278,46.98
92374,2026-01,1,0.2815,0.019,57.01
92374,2026-02,1,0.2686,0.027,62.74
92374,2026-03,1,0.3037,0.0248,55.68
92374,2026-04,1,0.274,0.0352,54.65
92374,2026-05,1,0.2811,0.0076,58.95
92374,2026-06,1,0.264,0.0297,51.35
63651,2025-10,0,0.4935,0.051,
63651,2025-11,0,0.4934,0.0263,
63651,2025-12,0,0.4969,0.0336,
63651,2026-01,0,0.4943,0.0514,
63651,2026-02,0,0.5194,0.0401,
63651,2026-03,0,0.508,0.0421,
63651,2026-04,0,0.5086,0.0429,
63651,2026-05,0,0.5263,0.0364,
63651,2026-06,0,0.4942,0.0389,
73118,2025-10,0,0.6228,0.0512,
73118,2025-11,0,0.6229,0.036,
73118,2025-12,0,0.6266,0.0277,
73118,2026-01,0,0.6266,0.0417,
73118,2026-02,0,0.6267,0.0458,
73118,2026-03,0,0.6265,0.0394,
73118,2026-04,0,0.6585,0.0267,
73118,2026-05,0,0.62,0.0474,
73118,2026-06,0,0.6199,0.0447,
39367,2025-10,1,0.4199,0.0269,56.14
39367,2025-11,1,0.4175,0.0371,49.32
39367,2025-12,1,0.4115,0.0374,46.87
39367,2026-01,1,0.4289,0.022,58.56
39367,2026-02,1,0.4143,0.024,47.91
39367,2026-03,1,0.4022,0.0276,44.28
39367,2026-04,1,0.3961,0.0303,71.26
39367,2026-05,1,0.3927,0.0453,39.77
39367,2026-06,1,0.437,0.0239,38.16
99179,2025-10,0,0.5733,0.0379,
99179,2025-11,0,0.5752,0.0419,
99179,2025-12,0,0.5796,0.05,
99179,2026-01,0,0.5708,0.0495,
99179,2026-02,0,0.5631,0.0426,
99179,2026-03,0,0.568,0.0652,
99179,2026-04,0,0.5642,0.052,
99179,2026-05,0,0.5919,0.057,
99179,2026-06,0,0.5798,0.0585,
44939,2025-10,1,0.417,0.0227,66.29
44939,2025-11,1,0.4144,0.0385,59.24
44939,2025-12,1,0.3997,0.0333,62.91
44939,2026-01,1,0.4046,0.0206,50.2
44939,2026-02,1,0.4135,0.0379,45.13
44939,2026-03,1,0.4253,0.0304,44.96
44939,2026-04,1,0.38,0.0219,67.32
44939,2026-05,1,0.3739,0.033,49.89
44939,2026-06,1,0.4138,0.0199,73.54
29795,2025-10,0,0.4188,0.0358,
29795,2025-11,0,0.4197,0.0561,
29795,2025-12,0,0.4218,0.0318,
29795,2026-01,0,0.4186,0.0423,
29795,2026-02,0,0.4044,0.0496,
29795,2026-03,0,0.4515,0.0381,
29795,2026-04,0,0.4216,0.0327,
29795,2026-05,0,0.418,0.0319,
29795,2026-06,0,0.3984,0.0404,
42052,2025-10,0,0.3074,0.036,
42052,2025-11,0,0.3076,0.0482,
42052,2025-12,0,0.3265,0.0242,
42052,2026-01,0,0.3035,0.0373,
42052,2026-02,0,0.3271,0.0504,
42052,2026-03,0,0.2939,0.0268,
42052,2026-04,0,0.2936,0.0424,
42052,2026-05,0,0.3343,0.0254,
42052,2026-06,0,0.3473,0.0362,
90631,2025-10,1,0.3624,0.0173,58.69
90631,2025-11,1,0.3599,0.014,83.8
90631,2025-12,1,0.3508,0.0321,64.79
90631,2026-01,1,0.3632,0.0164,62.36
90631,2026-02,1,0.3755,0.0235,53.94
90631,2026-03,1,0.3601,0.029,60.33
90631,2026-04,1,0.3297,0.0361,49.98
90631,2026-05,1,0.3406,0.0373,66.81
90631,2026-06,1,0.3485,0.0217,50.63
62104,2025-10,0,0.4569,0.0232,
62104,2025-11,0,0.4611,0.02,
62104,2025-12,0,0.4534,0.0323,
62104,2026-01,0,0.4401,0.0397,
62104,2026-02,0,0.4608,0.0486,
62104,2026-03,0,0.4809,0.0596,
62104,2026-04,0,0.4679,0.0558,
62104,2026-05,0,0.4343,0.0399,
62104,2026-06,0,0.4534,0.039,
82345,2025-10,0,0.4753,0.0378,
82345,2025-11,0,0.4761,0.0561,
82345,2025-12,0,0.4742,0.0435,
82345,2026-01,0,0.4718,0.0514,
82345,2026-02,0,0.4913,0.0419,
82345,2026-03,0,0.4953,0.0527,
82345,2026-04,0,0.4966,0.0318,
82345,2026-05,0,0.5038,0.0345,
82345,2026-06,0,0.4412,0.0461,
71226,2025-10,0,0.4698,0.0441,
71226,2025-11,0,0.4673,0.047,
71226,2025-12,0,0.4705,0.0271,
71226,2026-01,0,0.4617,0.0501,
71226,2026-02,0,0.4755,0.0365,
71226,2026-03,0,0.4666,0.0345,
71226,2026-04,0,0.4532,0.0527,
71226,2026-05,0,0.503,0.0286,
71226,2026-06,0,0.4906,0.021,
61397,2025-10,1,0.3398,0.028,54.08
61397,2025-11,1,0.3438,0.0389,46.21
61397,2025-12,1,0.3317,0.0253,63.21
61397,2026-01,1,0.3522,0.0258,62.96
61397,2026-02,1,0.3287,0.0199,62.22
61397,2026-03,1,0.3493,0.0429,65.5
61397,2026-04,1,0.3254,0.0303,51.36
61397,2026-05,1,0.3377,0.027,43.94
61397,2026-06,1,0.3312,0.0284,54.85
25464,2025-10,1,0.3618,0.0193,58.95
25464,2025-11,1,0.3612,0.0382,57.19
25464,2025-12,1,0.3552,0.024,49.21
25464,2026-01,1,0.3635,0.0337,28.58
25464,2026-02,1,0.3356,0.0201,52.32
25464,2026-03,1,0.3619,0.0286,61.33
25464,2026-04,1,0.3437,0.0274,73.66
25464,2026-05,1,0.3415,0.0304,55.42
25464,2026-06,1,0.3706,0.0192,56.78
38022,2025-10,1,0.3463,0.0384,56.07
38022,2025-11,1,0.344,0.0215,52.44
38022,2025-12,1,0.3412,0.0284,55.53
38022,2026-01,1,0.3375,0.0224,49.97
38022,2026-02,1,0.3439,0.0242,53.41
38022,2026-03,1,0.3562,0.027,55.98
38022,2026-04,1,0.3653,0.0237,52.9
38022,2026-05,1,0.3166,0.028,54.34
38022,2026-06,1,0.3228,0.0336,67.92
64810,2025-10,1,0.4529,0.0326,60.56
64810,2025-11,1,0.4492,0.0388,63.63
64810,2025-12,1,0.4448,0.0156,53.77
64810,2026-01,1,0.4406,0.0329,57.11
64810,2026-02,1,0.4624,0.028,63.19
64810,2026-03,1,0.4258,0.0227,41.91
64810,2026-04,1,0.441,0.0242,52.03
64810,2026-05,1,0.4246,0.0338,75.02
64810,2026-06,1,0.4393,0.0336,56.27
70968,2025-10,1,0.349,0.039,37.46
70968,2025-11,1,0.3431,0.0344,58.92
70968,2025-12,1,0.3457,0.0053,64.74
70968,2026-01,1,0.355,0.0366,40.47
70968,2026-02,1,0.3305,0.0283,54.27
70968,2026-03,1,0.348,0.0283,55.38
70968,2026-04,1,0.3216,0.0209,59.68
70968,2026-05,1,0.3262,0.0385,62.9
70968,2026-06,1,0.3336,0.0306,56.88
99196,2025-10,0,0.4572,0.0301,
99196,2025-11,0,0.4645,0.0214,
99196,2025-12,0,0.4557,0.0389,
99196,2026-01,0,0.462,0.0353,
99196,2026-02,0,0.4785,0.0432,
99196,2026-03,0,0.4253,0.0406,
99196,2026-04,0,0.4616,0.0549,
99196,2026-05,0,0.4521,0.0331,
99196,2026-06,0,0.4865,0.0337,
43102,2025-10,1,0.4084,0.0264,53.0
43102,2025-11,1,0.4041,0.0408,49.62
43102,2025-12,1,0.4042,0.03,72.63
43102,2026-01,1,0.4055,0.0238,48.56
43102,2026-02,1,0.3941,0.0314,53.17
43102,2026-03,1,0.3988,0.0245,73.4
43102,2026-04,1,0.3898,0.0143,58.38
43102,2026-05,1,0.3973,0.0205,38.46
43102,2026-06,1,0.3911,0.0325,57.92
70548,2025-10,0,0.6418,0.0498,
70548,2025-11,0,0.6435,0.046,
70548,2025-12,0,0.6477,0.059,
70548,2026-01,0,0.6551,0.0417,
70548,2026-02,0,0.649,0.0281,
70548,2026-03,0,0.6473,0.0548,
70548,2026-04,0,0.6558,0.0353,
70548,2026-05,0,0.6836,0.0593,
70548,2026-06,0,0.6889,0.042,
38864,2025-10,0,0.4933,0.0489,
38864,2025-11,0,0.4939,0.048,
38864,2025-12,0,0.4928,0.0405,
38864,2026-01,0,0.5063,0.0423,
38864,2026-02,0,0.5052,0.0405,
38864,2026-03,0,0.4933,0.0461,
38864,2026-04,0,0.5095,0.0533,
38864,2026-05,0,0.5157,0.0396,
38864,2026-06,0,0.4715,0.0453,
58060,2025-10,1,0.2712,0.0234,56.06
58060,2025-11,1,0.2725,0.0404,46.36
58060,2025-12,1,0.2678,0.0146,45.74
58060,2026-01,1,0.2648,0.0352,49.14
58060,2026-02,1,0.2857,0.0364,60.21
58060,2026-03,1,0.2621,0.019,61.49
58060,2026-04,1,0.2588,0.0334,67.63
58060,2026-05,1,0.2667,0.0259,44.9
58060,2026-06,1,0.2318,0.0236,42.5
36872,2025-10,1,0.277,0.0241,50.34
36872,2025-11,1,0.2723,0.0192,39.3
36872,2025-12,1,0.2724,0.0241,58.59
36872,2026-01,1,0.26,0.0177,53.36
36872,2026-02,1,0.2822,0.0338,56.08
36872,2026-03,1,0.2675,0.0252,53.82
36872,2026-04,1,0.2418,0.0294,46.69
36872,2026-05,1,0.2861,0.0267,51.08
36872,2026-06,1,0.233,0.0291,60.5
58648,2025-10,0,0.75,0.0372,
58648,2025-11,0,0.7499,0.0254,
58648,2025-12,0,0.7469,0.0432,
58648,2026-01,0,0.7408,0.0313,
58648,2026-02,0,0.7707,0.0469,
58648,2026-03,0,0.7426,0.0507,
58648,2026-04,0,0.7474,0.0348,
58648,2026-05,0,0.7395,0.05,
58648,2026-06,0,0.7918,0.0555,
94492,2025-10,0,0.5638,0.0533,
94492,2025-11,0,0.5666,0.0427,
94492,2025-12,0,0.5605,0.0347,
94492,2026-01,0,0.5637,0.0408,
94492,2026-02,0,0.571,0.0334,
94492,2026-03,0,0.563,0.0435,
94492,2026-04,0,0.5794,0.0618,
94492,2026-05,0,0.5475,0.0316,
94492,2026-06,0,0.5747,0.0373,
81021,2025-10,0,0.574,0.0574,
81021,2025-11,0,0.5797,0.0465,
81021,2025-12,0,0.5737,0.0362,
81021,2026-01,0,0.568,0.0495,
81021,2026-02,0,0.5704,0.0555,
81021,2026-03,0,0.5618,0.043,
81021,2026-04,0,0.6047,0.0313,
81021,2026-05,0,0.5969,0.0565,
81021,2026-06,0,0.585,0.0339,
95873,2025-10,0,0.5088,0.0413,
95873,2025-11,0,0.508,0.0301,
95873,2025-12,0,0.5075,0.0395,
95873,2026-01,0,0.5074,0.0463,
95873,2026-02,0,0.4977,0.0431,
95873,2026-03,0,0.5413,0.0482,
95873,2026-04,0,0.5631,0.0447,
95873,2026-05,0,0.5447,0.054,
95873,2026-06,0,0.5084,0.0415,
49756,2025-10,0,0.4775,0.041,
49756,2025-11,0,0.4815,0.037,
49756,2025-12,0,0.4699,0.0521,
49756,2026-01,0,0.474,0.0467,
49756,2026-02,0,0.468,0.0437,
49756,2026-03,0,0.4843,0.0563,
49756,2026-04,0,0.471,0.0411,
49756,2026-05,0,0.4837,0.0457,
49756,2026-06,0,0.488,0.0495,
45413,2025-10,0,0.5229,0.0297,
45413,2025-11,0,0.5183,0.0354,
45413,2025-12,0,0.5373,0.0404,
45413,2026-01,0,0.5233,0.0425,
45413,2026-02,0,0.5108,0.052,
45413,2026-03,0,0.5325,0.0487,
45413,2026-04,0,0.5185,0.0452,
45413,2026-05,0,0.5226,0.0378,
45413,2026-06,0,0.5377,0.0265,
33314,2025-10,0,0.5555,0.0298,
33314,2025-11,0,0.5561,0.0322,
33314,2025-12,0,0.5564,0.0541,
33314,2026-01,0,0.5593,0.0387,
33314,2026-02,0,0.5709,0.0559,
33314,2026-03,0,0.5823,0.0462,
33314,2026-04,0,0.5599,0.0435,
33314,2026-05,0,0.5959,0.0474,
33314,2026-06,0,0.5583,0.0534,
11957,2025-10,0,0.4929,0.044,
11957,2025-11,0,0.4915,0.0511,
11957,2025-12,0,0.4892,0.0265,
11957,2026-01,0,0.5115,0.0451,
11957,2026-02,0,0.4934,0.0181,
11957,2026-03,0,0.5293,0.0368,
11957,2026-04,0,0.5354,0.0316,
11957,2026-05,0,0.532,0.044,
11957,2026-06,0,0.4805,0.0563,
65704,2025-10,0,0.4687,0.0334,
65704,2025-11,0,0.4722,0.0354,
65704,2025-12,0,0.4807,0.0505,
65704,2026-01,0,0.4627,0.0195,
65704,2026-02,0,0.4775,0.057,
65704,2026-03,0,0.4734,0.063,
65704,2026-04,0,0.4923,0.0564,
65704,2026-05,0,0.4404,0.0391,
65704,2026-06,0,0.4857,0.0519,
22726,2025-10,1,0.2193,0.028,66.86
22726,2025-11,1,0.2189,0.0286,40.09
22726,2025-12,1,0.2174,0.0373,34.75
22726,2026-01,1,0.207,0.0268,56.67
22726,2026-02,1,0.2186,0.0279,36.24
22726,2026-03,1,0.1965,0.0191,61.94
22726,2026-04,1,0.1949,0.0256,68.74
22726,2026-05,1,0.1834,0.0426,51.26
22726,2026-06,1,0.2161,0.0233,52.33
21931,2025-10,1,0.4231,0.0224,64.28
21931,2025-11,1,0.4248,0.0231,55.99
21931,2025-12,1,0.4132,0.0313,67.12
21931,2026-01,1,0.4187,0.04,45.47
21931,2026-02,1,0.3983,0.0209,42.91
21931,2026-03,1,0.4322,0.0301,54.7
21931,2026-04,1,0.3977,0.0348,59.36
21931,2026-05,1,0.3969,0.0324,66.66
21931,2026-06,1,0.4344,0.0377,60.75
26899,2025-10,1,0.3715,0.0373,64.59
26899,2025-11,1,0.3692,0.0405,47.25
26899,2025-12,1,0.3785,0.0163,60.67
26899,2026-01,1,0.3744,0.0305,57.7
26899,2026-02,1,0.3483,0.0269,57.72
26899,2026-03,1,0.36,0.0283,64.6
26899,2026-04,1,0.3331,0.0251,46.12
26899,2026-05,1,0.3325,0.0259,56.46
26899,2026-06,1,0.3475,0.0314,62.68
39460,2025-10,0,0.4552,0.0563,
39460,2025-11,0,0.4598,0.0459,
39460,2025-12,0,0.4522,0.0592,
39460,2026-01,0,0.4571,0.0419,
39460,2026-02,0,0.4702,0.0416,
39460,2026-03,0,0.4632,0.0483,
39460,2026-04,0,0.4766,0.0484,
39460,2026-05,0,0.4717,0.0502,
39460,2026-06,0,0.4419,0.0423,
69330,2025-10,0,0.5524,0.0484,
69330,2025-11,0,0.5504,0.0395,
69330,2025-12,0,0.5557,0.0347,
69330,2026-01,0,0.556,0.0432,
69330,2026-02,0,0.5388,0.0321,
69330,2026-03,0,0.5596,0.0429,
69330,2026-04,0,0.5692,0.0479,
69330,2026-05,0,0.5673,0.0416,
69330,2026-06,0,0.5845,0.032,
63905,2025-10,1,0.2957,0.0291,59.28
63905,2025-11,1,0.2867,0.0227,46.39
63905,2025-12,1,0.2988,0.0328,37.36
63905,2026-01,1,0.2844,0.0253,69.41
63905,2026-02,1,0.305,0.0269,58.57
63905,2026-03,1,0.2598,0.0222,48.63
63905,2026-04,1,0.2985,0.0327,69.74
63905,2026-05,1,0.3142,0.0241,62.58
63905,2026-06,1,0.3024,0.0317,58.89
46830,2025-10,0,0.5404,0.0384,
46830,2025-11,0,0.5457,0.048,
46830,2025-12,0,0.5453,0.0638,
46830,2026-01,0,0.552,0.0638,
46830,2026-02,0,0.5679,0.0568,
46830,2026-03,0,0.5584,0.0304,
46830,2026-04,0,0.5366,0.0348,
46830,2026-05,0,0.5331,0.0533,
46830,2026-06,0,0.5463,0.0788,
70169,2025-10,0,0.5868,0.0339,
70169,2025-11,0,0.5869,0.0539,
70169,2025-12,0,0.5948,0.0343,
70169,2026-01,0,0.6018,0.0482,
70169,2026-02,0,0.5836,0.0324,
70169,2026-03,0,0.5811,0.032,
70169,2026-04,0,0.5768,0.0454,
70169,2026-05,0,0.5997,0.0424,
70169,2026-06,0,0.6097,0.024,
66347,2025-10,0,0.6651,0.0463,
66347,2025-11,0,0.6712,0.0304,
66347,2025-12,0,0.6639,0.0179,
66347,2026-01,0,0.6786,0.0531,
66347,2026-02,0,0.6607,0.0467,
66347,2026-03,0,0.6535,0.0342,
66347,2026-04,0,0.6581,0.0399,
66347,2026-05,0,0.6552,0.0432,
66347,2026-06,0,0.6722,0.0494,
38047,2025-10,1,0.4058,0.0148,61.83
38047,2025-11,1,0.403,0.0163,67.91
38047,2025-12,1,0.4055,0.0247,42.91
38047,2026-01,1,0.4003,0.0196,32.58
38047,2026-02,1,0.39,0.0386,59.3
38047,2026-03,1,0.3879,0.026,64.67
38047,2026-04,1,0.3946,0.0334,68.23
38047,2026-05,1,0.4143,0.0253,53.26
38047,2026-06,1,0.4215,0.0306,46.73
17727,2025-10,1,0.4771,0.0337,48.4
17727,2025-11,1,0.477,0.0284,55.07
17727,2025-12,1,0.4692,0.0263,68.27
17727,2026-01,1,0.4683,0.0312,54.4
17727,2026-02,1,0.4792,0.018,74.6
17727,2026-03,1,0.4447,0.0234,48.98
17727,2026-04,1,0.4825,0.0281,51.91
17727,2026-05,1,0.4914,0.0405,47.51
17727,2026-06,1,0.4313,0.0348,43.13
67946,2025-10,1,0.4049,0.0356,45.85
67946,2025-11,1,0.4057,0.0213,36.57
67946,2025-12,1,0.407,0.0286,50.39
67946,2026-01,1,0.39,0.0262,49.74
67946,2026-02,1,0.3991,0.0225,54.99
67946,2026-03,1,0.4286,0.0364,44.25
67946,2026-04,1,0.392,0.0278,37.92
67946,2026-05,1,0.3896,0.0139,35.16
67946,2026-06,1,0.3837,0.0152,42.46
49849,2025-10,0,0.4043,0.0483,
49849,2025-11,0,0.4088,0.0438,
49849,2025-12,0,0.403,0.0542,
49849,2026-01,0,0.4085,0.0388,
49849,2026-02,0,0.4099,0.043,
49849,2026-03,0,0.391,0.0522,
49849,2026-04,0,0.4303,0.0389,
49849,2026-05,0,0.4193,0.0368,
49849,2026-06,0,0.4006,0.042,
11739,2025-10,0,0.6339,0.0528,
11739,2025-11,0,0.634,0.0565,
11739,2025-12,0,0.6316,0.0375,
11739,2026-01,0,0.6447,0.0375,
11739,2026-02,0,0.6228,0.0325,
11739,2026-03,0,0.6392,0.0404,
11739,2026-04,0,0.6326,0.0463,
11739,2026-05,0,0.6201,0.0282,
11739,2026-06,0,0.6298,0.0481,
82925,2025-10,0,0.5375,0.0657,
82925,2025-11,0,0.5373,0.0422,
82925,2025-12,0,0.5306,0.0475,
82925,2026-01,0,0.541,0.0345,
82925,2026-02,0,0.5451,0.0458,
82925,2026-03,0,0.5401,0.0445,
82925,2026-04,0,0.5238,0.04,
82925,2026-05,0,0.515,0.0349,
82925,2026-06,0,0.5319,0.0445,
70317,2025-10,0,0.5773,0.0469,
70317,2025-11,0,0.5782,0.0584,
70317,2025-12,0,0.5852,0.0344,
70317,2026-01,0,0.5906,0.0455,
70317,2026-02,0,0.5746,0.04,
70317,2026-03,0,0.5833,0.0363,
70317,2026-04,0,0.5791,0.0517,
70317,2026-05,0,0.5607,0.0516,
70317,2026-06,0,0.5861,0.0572,
49965,2025-10,1,0.3862,0.0304,61.8
49965,2025-11,1,0.3864,0.0271,68.83
49965,2025-12,1,0.3792,0.0357,58.03
49965,2026-01,1,0.3801,0.0353,48.22
49965,2026-02,1,0.3836,0.0235,49.62
49965,2026-03,1,0.3818,0.0219,50.82
49965,2026-04,1,0.3731,0.0085,49.1
49965,2026-05,1,0.3507,0.0255,52.15
49965,2026-06,1,0.3697,0.0298,67.66
26270,2025-10,0,0.5643,0.0471,
26270,2025-11,0,0.5677,0.0378,
26270,2025-12,0,0.5634,0.0488,
26270,2026-01,0,0.5624,0.0199,
26270,2026-02,0,0.5784,0.0349,
26270,2026-03,0,0.59,0.0314,
26270,2026-04,0,0.5839,0.0495,
26270,2026-05,0,0.5741,0.0278,
26270,2026-06,0,0.5586,0.0273,
50623,2025-10,0,0.5093,0.0461,
50623,2025-11,0,0.5118,0.0443,
50623,2025-12,0,0.5038,0.0422,
50623,2026-01,0,0.5019,0.0226,
50623,2026-02,0,0.4962,0.0555,
50623,2026-03,0,0.5332,0.0501,
50623,2026-04,0,0.5284,0.0437,
50623,2026-05,0,0.5111,0.0482,
50623,2026-06,0,0.5231,0.053,
53486,2025-10,0,0.4436,0.0388,
53486,2025-11,0,0.4444,0.0215,
53486,2025-12,0,0.4368,0.0445,
53486,2026-01,0,0.4466,0.0217,
53486,2026-02,0,0.4403,0.0291,
53486,2026-03,0,0.4599,0.038,
53486,2026-04,0,0.4257,0.0493,
53486,2026-05,0,0.4225,0.0367,
53486,2026-06,0,0.4579,0.0343,
44918,2025-10,0,0.525,0.0394,
44918,2025-11,0,0.5267,0.036,
44918,2025-12,0,0.5259,0.0249,
44918,2026-01,0,0.5368,0.0389,
44918,2026-02,0,0.5487,0.042,
44918,2026-03,0,0.5282,0.0438,
44918,2026-04,0,0.5389,0.0557,
44918,2026-05,0,0.58,0.0618,
44918,2026-06,0,0.5486,0.0285,
54807,2025-10,1,0.3469,0.0235,54.36
54807,2025-11,1,0.3455,0.0348,60.42
54807,2025-12,1,0.35,0.031,61.63
54807,2026-01,1,0.3311,0.0255,61.56
54807,2026-02,1,0.3379,0.0305,77.77
54807,2026-03,1,0.3248,0.0368,34.37
54807,2026-04,1,0.3434,0.0282,62.55
54807,2026-05,1,0.3662,0.015,55.05
54807,2026-06,1,0.325,0.0437,53.24
55443,2025-10,0,0.589,0.0478,
55443,2025-11,0,0.5875,0.0385,
55443,2025-12,0,0.5693,0.0316,
55443,2026-01,0,0.6038,0.032,
55443,2026-02,0,0.6017,0.0524,
55443,2026-03,0,0.5793,0.0503,
55443,2026-04,0,0.6096,0.064,
55443,2026-05,0,0.554,0.0277,
55443,2026-06,0,0.6104,0.0427,
44145,2025-10,0,0.5436,0.0413,
44145,2025-11,0,0.543,0.0335,
44145,2025-12,0,0.5408,0.0314,
44145,2026-01,0,0.5695,0.0644,
44145,2026-02,0,0.5309,0.0238,
44145,2026-03,0,0.5516,0.0349,
44145,2026-04,0,0.5639,0.0461,
44145,2026-05,0,0.5963,0.0516,
44145,2026-06,0,0.5819,0.0368,
64745,2025-10,0,0.6033,0.0492,
64745,2025-11,0,0.6011,0.0422,
64745,2025-12,0,0.6082,0.0408,
64745,2026-01,0,0.6048,0.0499,
64745,2026-02,0,0.5935,0.0373,
64745,2026-03,0,0.6061,0.0501,
64745,2026-04,0,0.6145,0.0221,
64745,2026-05,0,0.6103,0.0468,
64745,2026-06,0,0.6031,0.0305,
58915,2025-10,1,0.3648,0.0126,43.89
58915,2025-11,1,0.3618,0.0424,64.28
58915,2025-12,1,0.3557,0.0313,40.24
58915,2026-01,1,0.3505,0.0246,50.96
58915,2026-02,1,0.344,0.0299,57.88
58915,2026-03,1,0.3746,0.03,60.04
58915,2026-04,1,0.3672,0.0185,57.33
58915,2026-05,1,0.3438,0.0323,52.19
58915,2026-06,1,0.3481,0.032,57.59
41092,2025-10,0,0.4558,0.0231,
41092,2025-11,0,0.4532,0.0408,
41092,2025-12,0,0.4571,0.0377,
41092,2026-01,0,0.4576,0.0621,
41092,2026-02,0,0.4688,0.0473,
41092,2026-03,0,0.4571,0.044,
41092,2026-04,0,0.4679,0.0156,
41092,2026-05,0,0.4625,0.0723,
41092,2026-06,0,0.4296,0.0262,
18775,2025-10,0,0.52,0.045,
18775,2025-11,0,0.5244,0.0305,
18775,2025-12,0,0.5332,0.0438,
18775,2026-01,0,0.5223,0.0511,
18775,2026-02,0,0.5148,0.0551,
18775,2026-03,0,0.5381,0.0374,
18775,2026-04,0,0.5767,0.0415,
18775,2026-05,0,0.4923,0.0235,
18775,2026-06,0,0.4912,0.0161,
71061,2025-10,1,0.3062,0.0268,56.46
71061,2025-11,1,0.3095,0.0236,52.11
71061,2025-12,1,0.3076,0.0189,59.08
71061,2026-01,1,0.3038,0.0363,46.18
71061,2026-02,1,0.3076,0.0144,51.66
71061,2026-03,1,0.3243,0.0228,71.97
71061,2026-04,1,0.3035,0.0276,45.23
71061,2026-05,1,0.3212,0.0158,64.2
71061,2026-06,1,0.3207,0.0322,55.35
77328,2025-10,0,0.4693,0.0296,
77328,2025-11,0,0.4731,0.0379,
77328,2025-12,0,0.4666,0.032,
77328,2026-01,0,0.4718,0.0355,
77328,2026-02,0,0.4453,0.0399,
77328,2026-03,0,0.4922,0.0493,
77328,2026-04,0,0.4746,0.0368,
77328,2026-05,0,0.4448,0.0556,
77328,2026-06,0,0.5024,0.0429,
23801,2025-10,0,0.4824,0.0446,
23801,2025-11,0,0.4872,0.0498,
23801,2025-12,0,0.4879,0.0432,
23801,2026-01,0,0.4706,0.0515,
23801,2026-02,0,0.4847,0.0378,
23801,2026-03,0,0.4689,0.0375,
23801,2026-04,0,0.4779,0.0402,
23801,2026-05,0,0.5135,0.0295,
23801,2026-06,0,0.4724,0.0385,
21797,2025-10,0,0.455,0.0434,
21797,2025-11,0,0.4588,0.0461,
21797,2025-12,0,0.4643,0.0426,
21797,2026-01,0,0.4503,0.0399,
21797,2026-02,0,0.451,0.0535,
21797,2026-03,0,0.4724,0.0469,
21797,2026-04,0,0.4289,0.053,
21797,2026-05,0,0.464,0.0334,
21797,2026-06,0,0.4585,0.0532,
76290,2025-10,0,0.6,0.0293,
76290,2025-11,0,0.6026,0.0227,
76290,2025-12,0,0.604,0.0524,
76290,2026-01,0,0.5948,0.0573,
76290,2026-02,0,0.6139,0.0354,
76290,2026-03,0,0.6127,0.0447,
76290,2026-04,0,0.5843,0.0368,
76290,2026-05,0,0.6057,0.0304,
76290,2026-06,0,0.6116,0.0424,
71413,2025-10,0,0.4683,0.054,
71413,2025-11,0,0.4685,0.0276,
71413,2025-12,0,0.4724,0.0487,
71413,2026-01,0,0.4715,0.0627,
71413,2026-02,0,0.4724,0.0484,
71413,2026-03,0,0.4524,0.048,
71413,2026-04,0,0.4866,0.0351,
71413,2026-05,0,0.46,0.0486,
71413,2026-06,0,0.5039,0.0593,
89248,2025-10,0,0.5388,0.025,
89248,2025-11,0,0.5365,0.042,
89248,2025-12,0,0.5401,0.0377,
89248,2026-01,0,0.5524,0.0225,
89248,2026-02,0,0.543,0.0394,
89248,2026-03,0,0.5505,0.0251,
89248,2026-04,0,0.5381,0.0336,
89248,2026-05,0,0.5331,0.0518,
89248,2026-06,0,0.555,0.0427,
74546,2025-10,1,0.3509,0.0136,47.86
74546,2025-11,1,0.3478,0.0333,54.08
74546,2025-12,1,0.3473,0.0154,49.76
74546,2026-01,1,0.3454,0.0291,52.08
74546,2026-02,1,0.368,0.0215,36.8
74546,2026-03,1,0.3566,0.0341,48.94
74546,2026-04,1,0.352,0.034,71.73
74546,2026-05,1,0.3463,0.0349,49.56
74546,2026-06,1,0.3411,0.0261,49.79
25352,2025-10,0,0.6406,0.0633,
25352,2025-11,0,0.6419,0.0422,
25352,2025-12,0,0.6532,0.0429,
25352,2026-01,0,0.6424,0.047,
25352,2026-02,0,0.6392,0.0529,
25352,2026-03,0,0.6366,0.0406,
25352,2026-04,0,0.6427,0.0361,
25352,2026-05,0,0.654,0.0352,
25352,2026-06,0,0.6439,0.0292,
90971,2025-10,1,0.3273,0.0096,51.43
90971,2025-11,1,0.3298,0.0301,48.21
90971,2025-12,1,0.3223,0.0244,40.04
90971,2026-01,1,0.308,0.0198,46.55
90971,2026-02,1,0.309,0.0152,43.79
90971,2026-03,1,0.3121,0.0365,46.78
90971,2026-04,1,0.3358,0.023,38.99
90971,2026-05,1,0.3296,0.0104,39.35
90971,2026-06,1,0.2762,0.0222,41.36
32658,2025-10,0,0.4755,0.036,
32658,2025-11,0,0.4749,0.0617,
32658,2025-12,0,0.4788,0.0335,
32658,2026-01,0,0.4842,0.0482,
32658,2026-02,0,0.4874,0.0382,
32658,2026-03,0,0.4911,0.051,
32658,2026-04,0,0.4784,0.0424,
32658,2026-05,0,0.4598,0.0427,
32658,2026-06,0,0.5026,0.0596,
81299,2025-10,0,0.6232,0.0538,
81299,2025-11,0,0.6238,0.0438,
81299,2025-12,0,0.6208,0.0408,
81299,2026-01,0,0.6264,0.049,
81299,2026-02,0,0.6191,0.0305,
81299,2026-03,0,0.6402,0.047,
81299,2026-04,0,0.6066,0.0484,
81299,2026-05,0,0.6365,0.0407,
81299,2026-06,0,0.5961,0.0342,
78299,2025-10,0,0.4118,0.0423,
78299,2025-11,0,0.4179,0.0525,
78299,2025-12,0,0.4096,0.0448,
78299,2026-01,0,0.4199,0.0422,
78299,2026-02,0,0.4213,0.0294,
78299,2026-03,0,0.4183,0.0357,
78299,2026-04,0,0.4216,0.0343,
78299,2026-05,0,0.4411,0.0512,
78299,2026-06,0,0.4241,0.0345,
53616,2025-10,0,0.5383,0.0445,
53616,2025-11,0,0.5384,0.0362,
53616,2025-12,0,0.5438,0.0322,
53616,2026-01,0,0.5397,0.0417,
53616,2026-02,0,0.5491,0.0496,
53616,2026-03,0,0.5438,0.0369,
53616,2026-04,0,0.5654,0.0384,
53616,2026-05,0,0.5529,0.037,
53616,2026-06,0,0.5197,0.0379,
33693,2025-10,1,0.3046,0.0274,42.59
33693,2025-11,1,0.3012,0.0092,40.78
33693,2025-12,1,0.292,0.0297,60.43
33693,2026-01,1,0.2971,0.0374,46.09
33693,2026-02,1,0.2868,0.0336,71.11
33693,2026-03,1,0.3014,0.0232,44.24
33693,2026-04,1,0.2898,0.0345,62.31
33693,2026-05,1,0.2912,0.029,60.16
33693,2026-06,1,0.2799,0.0243,50.27
38666,2025-10,0,0.6506,0.0415,
38666,2025-11,0,0.6542,0.0238,
38666,2025-12,0,0.6458,0.0309,
38666,2026-01,0,0.6496,0.0411,
38666,2026-02,0,0.6539,0.049,
38666,2026-03,0,0.6577,0.0416,
38666,2026-04,0,0.6402,0.0606,
38666,2026-05,0,0.629,0.0305,
38666,2026-06,0,0.6477,0.0411,
10348,2025-10,1,0.346,0.0255,64.39
10348,2025-11,1,0.3445,0.0254,55.09
10348,2025-12,1,0.3375,0.0409,72.75
10348,2026-01,1,0.3323,0.0269,50.08
10348,2026-02,1,0.3259,0.0211,59.8
10348,2026-03,1,0.3311,0.0269,45.05
10348,2026-04,1,0.3209,0.0216,57.61
10348,2026-05,1,0.3273,0.0344,38.74
10348,2026-06,1,0.3662,0.0248,63.18
79069,2025-10,0,0.5684,0.0449,
79069,2025-11,0,0.5668,0.0442,
79069,2025-12,0,0.565,0.0274,
79069,2026-01,0,0.5757,0.0234,
79069,2026-02,0,0.5805,0.0456,
79069,2026-03,0,0.5744,0.0464,
79069,2026-04,0,0.5651,0.0248,
79069,2026-05,0,0.6222,0.0326,
79069,2026-06,0,0.5956,0.0381,
65058,2025-10,0,0.5487,0.0362,
65058,2025-11,0,0.5504,0.0445,
65058,2025-12,0,0.5473,0.0538,
65058,2026-01,0,0.5547,0.0574,
65058,2026-02,0,0.539,0.0402,
65058,2026-03,0,0.5459,0.0603,
65058,2026-04,0,0.5571,0.042,
65058,2026-05,0,0.558,0.0448,
65058,2026-06,0,0.5607,0.0551,
75244,2025-10,0,0.644,0.0502,
75244,2025-11,0,0.6477,0.0173,
75244,2025-12,0,0.6434,0.0483,
75244,2026-01,0,0.6564,0.0372,
75244,2026-02,0,0.6526,0.0383,
75244,2026-03,0,0.6482,0.0512,
75244,2026-04,0,0.6367,0.0399,
75244,2026-05,0,0.68,0.0433,
75244,2026-06,0,0.6472,0.031,
